{
  "base": {
    "features": [
      "Admission grade",
      "Age at enrollment",
      "Scholarship holder",
      "Tuition fees up to date",
      "Displaced",
      "Educational special needs",
      "Debtor",
      "International",
      "Unemployment rate",
      "Inflation rate",
      "GDP"
    ],
    "coef": [
      0.016878018214341452,
      -0.045617201471607416,
      1.5277439041285599,
      2.8877810026175905,
      0.17258602541773807,
      -0.47948525635395833,
      -1.1108261986131953,
      0.9834380363246388,
      -0.0009457886174337577,
      -0.015925710576889365,
      0.03944106662702933
    ],
    "intercept": -3.5090736318043945,
    "classes": [
      0,
      1
    ]
  },
  "isotonic": {
    "x": [
      0.005327341940012589,
      0.03802313809044017,
      0.03820971666752346,
      0.041406028824710096,
      0.04223387648065689,
      0.05501704070653243,
      0.055386729321372036,
      0.05866976389749226,
      0.05990447761885736,
      0.062289837063622906,
      0.06287152434067664,
      0.06673036240051407,
      0.06860457385858572,
      0.06981620543811437,
      0.07597691490145905,
      0.07743638529135848,
      0.07780616516308678,
      0.07791672485865732,
      0.08787097741344216,
      0.08973119097853714,
      0.09025592453540049,
      0.09211036799842154,
      0.09249795745392494,
      0.099925807223952,
      0.09993950865057362,
      0.10013324413880244,
      0.10051357800056976,
      0.10359592312604404,
      0.10726993996184256,
      0.10739906004578342,
      0.11162754660245372,
      0.11876912039446262,
      0.12097697769294759,
      0.12137378918003291,
      0.12292615315627084,
      0.1255414150238253,
      0.12660588589378685,
      0.12890142752737485,
      0.1329020669098431,
      0.1448835744567819,
      0.16014346480892258,
      0.1834974515177243,
      0.18926864993046713,
      0.19722457033468235,
      0.20396114448661917,
      0.20960488530457067,
      0.21327609686845203,
      0.2180414929946972,
      0.22885556419519212,
      0.22958361525713736,
      0.23680979284000442,
      0.25916628065409014,
      0.26220899645037615,
      0.2848557065891771,
      0.2910325019502104,
      0.3143019759071522,
      0.3202004946871996,
      0.3377662720870791,
      0.3448157770013636,
      0.34722795367569437,
      0.347923118858227,
      0.34917467233581095,
      0.3619278465573559,
      0.385640381975515,
      0.3858502039859086,
      0.401162756941655,
      0.4065800805447165,
      0.4157725141146992,
      0.41717792066581155,
      0.4339281731014275,
      0.43425570437755007,
      0.4387360898250711,
      0.4388519910835811,
      0.4396975612624902,
      0.44079835316056826,
      0.4516678362750954,
      0.45214749837662827,
      0.4521817453936558,
      0.45307599187441894,
      0.4644686037552662,
      0.46518662771086544,
      0.48802278193410065,
      0.4891686218560009,
      0.5107777008897322,
      0.511684162261402,
      0.513037716707875,
      0.5144940011836375,
      0.5290958236067096,
      0.5306774581322838,
      0.5307891673016725,
      0.531827039301647,
      0.5387904013732803,
      0.540251934645238,
      0.5404976496679931,
      0.5512484827999863,
      0.5521332941695225,
      0.5592756573068868,
      0.5612837471917749,
      0.5618001376805327,
      0.562921998408746,
      0.5642960802891341,
      0.5670082906533275,
      0.5715236849144757,
      0.5717168573328585,
      0.5734349301515299,
      0.5740933627280055,
      0.5819389568528184,
      0.5821152315309241,
      0.5827570497089793,
      0.5896307903305967,
      0.5909340871069391,
      0.591281707925513,
      0.5919263776161874,
      0.5943113725516872,
      0.5956100915845618,
      0.5972512162677953,
      0.6054854664111309,
      0.6064497671829047,
      0.6066166132351976,
      0.6080555447437338,
      0.6083773940295071,
      0.6102976963449095,
      0.6114063164225728,
      0.6163281213016428,
      0.6167144897426278,
      0.6244796034541975,
      0.6246779584737947,
      0.6287054004670891,
      0.6289583621650459,
      0.6299804975414169,
      0.6310447627292587,
      0.6316836160181274,
      0.635568986459829,
      0.6356615577638434,
      0.6367000369240401,
      0.638539790589546,
      0.6387825734022872,
      0.6390863524523005,
      0.648114545238254,
      0.6487970839117656,
      0.6491389309995589,
      0.6495552633807627,
      0.6507281492751009,
      0.6508042723304792,
      0.6512280514459056,
      0.6530915960333958,
      0.6534085820915447,
      0.6537882392652062,
      0.6539482131971208,
      0.6552852064372966,
      0.6553442095923518,
      0.6568405830876716,
      0.6580356610995395,
      0.6591195375889007,
      0.6594148796110448,
      0.6601597530592368,
      0.66037923227974,
      0.6640548063156663,
      0.6641546136637343,
      0.6686095647070215,
      0.6687106995389688,
      0.6687435996018906,
      0.67150801944448,
      0.6724780304945089,
      0.6745655654543472,
      0.6750891159442625,
      0.6778543515739873,
      0.6778913431360045,
      0.6785806559830709,
      0.679014352430871,
      0.6803012544309102,
      0.6804536566240942,
      0.6863664043076327,
      0.6867180014676287,
      0.7021175947757169,
      0.7024339499584529,
      0.7031469310042705,
      0.7034815090175703,
      0.7035470891061065,
      0.7037399905685353,
      0.7087984152784221,
      0.7095849862987522,
      0.7132971294923727,
      0.7133656170013509,
      0.725224077981141,
      0.7258795734055077,
      0.7277296146203939,
      0.7281130668982603,
      0.7335520789223207,
      0.7341361765252724,
      0.7395951450261995,
      0.7410002279580566,
      0.7413085299249821,
      0.7417838795442845,
      0.7535948188075176,
      0.7537555805381169,
      0.7725237626255534,
      0.7727973550079887,
      0.8026944831755919,
      0.8032564191614037,
      0.8190372178933035,
      0.8207794435346248,
      0.8242177690685315,
      0.8298318944341814,
      0.8323502936564235,
      0.835719889440042,
      0.8395633242107156,
      0.8473060252393824,
      0.852780422675696,
      0.8652044444324212,
      0.8817318341062417,
      0.8822141305123177,
      0.8827435915327166,
      0.8828691082204438,
      0.883070282381801,
      0.8887332178289471,
      0.8888318218548604,
      0.8912212266370465,
      0.8913267993094144,
      0.8936514102512934,
      0.8937913338599692,
      0.8952404823781952,
      0.8958761683553594,
      0.8971194469484424,
      0.8972727659345662,
      0.8975524969221073,
      0.8976296619697812,
      0.8978207214185204,
      0.8980599516009047,
      0.9016561322374724,
      0.9016818069615115,
      0.9034446849061359,
      0.9034854525486005,
      0.9049367608480302,
      0.9052450490371263,
      0.9054007399425246,
      0.9059367798664844,
      0.9059665654759228,
      0.9073639960132228,
      0.9076482688033931,
      0.9140666112330786,
      0.9140896651279499,
      0.9145140548426792,
      0.914785657349284,
      0.9159237037445067,
      0.9163318482045653,
      0.9193967465706296,
      0.9198310299762187,
      0.9269301439586319,
      0.9271528852978214,
      0.9281069391523903,
      0.9289005104873738,
      0.9312427872925741,
      0.9312680575436612,
      0.9316735820739301,
      0.9321273016690341,
      0.9324388234846418,
      0.9326564252358429,
      0.9401587138149434,
      0.9405344847888939,
      0.9427252574492493,
      0.9721933839367962
    ],